{"_wandb":{"runtime":1071},"loss":0.7748195146583021,"iter":700,"_timestamp":1.7319314560339162e+09,"_runtime":1071.985073991,"_step":700}