{"loss":0.24370136629790068,"iter":300,"_timestamp":1.7318440915412817e+09,"_runtime":645.019124939,"_wandb":{"runtime":645},"_step":300}