{"test_accuracy":95.43529411764706,"_wandb":{"runtime":15470},"training_loss":0.13499424904584884,"_timestamp":1.7323845802856927e+09,"_runtime":15470.248013285,"_step":10000}