{"_timestamp":1.7317039608017178e+09,"_runtime":0.699909827,"_step":7,"acc":0.9254527203647949,"loss":0.05196725506382348,"_wandb":{"runtime":0}}