{"_runtime":9113.846193988,"_step":4000,"training_loss":0.15082846254110335,"_timestamp":1.7323608050907135e+09,"test_accuracy":95.29411764705883,"_wandb":{"runtime":9113}}