{"_wandb":{"runtime":349},"training_loss":0.17930646672844885,"_timestamp":1.732351355643529e+09,"_runtime":349.415495127,"_step":200}