{"training_loss":0.2784428921341896,"_timestamp":1.7322865856294909e+09,"_runtime":332.800937284,"_step":200,"_wandb":{"runtime":332}}