{"_wandb":{"runtime":45600},"_step":20000,"training_loss":0.16348062992095946,"_timestamp":1.732277020849549e+09,"_runtime":45600.87182292,"test_accuracy":95.30588235294118}