{"_step":900,"_wandb":{"runtime":1387},"loss":0.2425567563250661,"iter":900,"_timestamp":1.7318458123342328e+09,"_runtime":1387.023810168}