{"_step":200,"_wandb":{"runtime":328},"training_loss":0.2754185128211975,"_timestamp":1.732287181876337e+09,"_runtime":328.532770975}