{"loss":0.21201120450435584,"_timestamp":1.7317038581024566e+09,"_runtime":0.935927026,"_step":7,"_wandb":{"runtime":0},"acc":0.8777245616009108}