{"_wandb":{"runtime":416},"_timestamp":1.7321895036830196e+09,"_runtime":389.960451595,"_step":13,"training_loss":0.7271030902862549}