{"loss":0.09530150202864493,"_timestamp":1.7317039055572968e+09,"_runtime":0.793320031,"_step":7,"_wandb":{"runtime":0},"acc":0.9460852168387567}