{"loss":0.8194084521383047,"iter":100,"_timestamp":1.7319304343368316e+09,"_runtime":279.95264576,"_step":100,"_wandb":{"runtime":279}}