{"_timestamp":1.7323790186547668e+09,"_runtime":12966.22784267,"_step":10000,"test_accuracy":94.62352941176471,"_wandb":{"runtime":12966},"training_loss":0.1594368898868561}