{"_wandb":{"runtime":42842},"_timestamp":1.7323369851889052e+09,"_runtime":42842.739525688,"_step":20000,"training_loss":0.18015353932976721,"test_accuracy":94.4}