{"_runtime":9587.76734667,"_step":4000,"training_loss":0.15418408915400506,"_timestamp":1.7323610106239078e+09,"test_accuracy":94.50588235294117,"_wandb":{"runtime":9587}}