{"_runtime":1369.019579513,"_wandb":{"runtime":1369},"_step":600,"loss":0.027912534922361374,"iter":600,"_timestamp":1.7318822292501557e+09}