{"_wandb":{"runtime":551},"_runtime":551.487774827,"_step":1000,"loss":0.6666102103772573,"iter":1000,"_timestamp":1.7319320591846323e+09}