{"_step":200,"_wandb":{"runtime":392},"training_loss":0.15553643748164178,"_timestamp":1.7323513066892073e+09,"_runtime":392.090840031}