{"training_loss":0.5009194135665893,"_wandb":{"runtime":236},"iter":35,"_timestamp":1.7321889184956899e+09,"_runtime":236.613932628,"_step":35}